Image Link,Filename,Painting Title,Artist Name,Artist Filename,Painting Year,Artist Location/Birthplace,Color 1,Color 2,Color 3,Color 4,Color 5,Color 6,Color 7,Color 8,Main Color(s),Palette Source,Artist Birth Date,Genre/Style,Painting Period,color harmony
https://artoutthewazoo.wordpress.com/2012/05/27/emily-carr-post-impressionism-and-the-something-plus/,Breton_Church.jpg,Breton Church,Emily Carr,emily-carr.png,1906,Canada (source),#3d6533,#1b3728,#e7ad30,#953010,#7e6c22,#b19e2f,#9f9895,#1f2e5,"green, yellow-green, red, blue, yellow",IMAGECOLORPICKER.com,"December 13, 1871",Post-Impressionism,Post-Impressionism,
https://www.wikiart.org/en/emily-carr/totem-walk-at-sitka-1907,totem-walk-at-sitka-1907.jpg,Totem Walk at Sitka,Emily Carr,,1907,Alaska (on a voyage to Alaska),#485b3f,#647b60,#527d49,#305d80,#96b0b3,#aa5443,#504233,#887d44,"green, brown, gray, blue, red, white/ gray",IMAGECOLORPICKER.com,"December 13, 1871",Post-Impressionism,Post-Impressionism,
https://www.wikiart.org/en/emily-carr/brittany-landscape-1911,brittany-landscape-1911.jpg,Brittany Landscape,Emily Carr,,1911,France,#91b849,#3f473a,#9f6f6f,#d95a7f,#86afc6,#2f4773,#bfac10,#5e190,"green, pink, blue, dark red/ brown, yellow-green",IMAGECOLORPICKER.com,"December 13, 1871",Post-Impressionism,Post-Impressionism,
https://www.wikiart.org/en/emily-carr/indian-house-interior-with-totems-1912,indian-house-interior-with-totems-1912.jpg,Indian House Interior with Totems,Emily Carr,,1912,Canada,#cd8972,#aa3919,#3f191b,#72827a,#202c39,#7d7d7e,#60733d,#a1815a,"red, blue, brown, green, gray",IMAGECOLORPICKER.com,"December 13, 1871",Post-Impressionism,Post-Impressionism,
https://www.wikiart.org/en/emily-carr/chemainus-bay-vancouver-island-1925,chemainus-bay-vancouver-island-1925.jpg,"Chemainus Bay, Vancouver Island",Emily Carr,,1925,Canada,#145154,#b3c3c0,#745d3e,#658248,#367757,#ad4238,#bd7123,#dedfc0,"green, blue, red, yellow, white/ gray",IMAGECOLORPICKER.com,"December 13, 1871",Post-Impressionism,Post-Impressionism,
https://www.wikiart.org/en/emily-carr/thunder-bird-campbell-river-1929,thunder-bird-campbell-river-1929.jpg,"Thunder Bird, Campbell River",Emily Carr,,1929,Canada,#e2a3f,#908945,#74d67,#68a850,#80685e,#d0cf8f,#773c2c,#03a3b,"gree, blue, brown, red, yellow",IMAGECOLORPICKER.com,"December 13, 1871",Post-Impressionism,Post-Impressionism,
https://artoutthewazoo.wordpress.com/2012/05/27/emily-carr-post-impressionism-and-the-something-plus/,a-rushing-sea-of-undergrowth-1935.jpg,A Rushing Sea of Undergrowth,Emily Carr,,1935,possibly Canada,#70894f,#353a36,#ac9f47,#673026,#e2dede,#95a86c,#6b65ad,#494078,"green, blue, brown, white",IMAGECOLORPICKER.com,"December 13, 1871",Post-Impressionism,Post-Impressionism,
https://artoutthewazoo.wordpress.com/2012/05/27/emily-carr-post-impressionism-and-the-something-plus/,self-portrait-1939.jpg,Self-Portrait,Emily Carr,,1939,possibly Canada,#eac479,#453839,#746f65,#33519a,#606470,#d8d9ce,#775c38,#ad9a9c,"yellow, brown, blue, white",IMAGECOLORPICKER.com,"December 13, 1871",Post-Impressionism,Post-Impressionism,
https://www.wikiart.org/en/emily-carr/kitwancool-1928,kitwancool-1928.jpg!Large.jpg,Kitwancool,Emily Carr,,1928,"Vancouver, Canada",#3e4544,#bac1b5,#85aca9,#7e7f7b,#3a657b,#50837b,#a4c39,#6797a5,,IMAGECOLORPICKER.com,,,,
https://www.wikiart.org/en/emily-carr/kispiax-village-1929,kispiax-village-1929.jpg,Kispiax Village,Emily Carr,,1929,Canada,#334045,#a95d3b,#bca06e,#95a878,#5d9f3b,#28483d,#41596f,#789496,,IMAGECOLORPICKER.com,,,,
https://www.wikiart.org/en/paul-cezanne/forest,Forest.jpg,Forest,Paul Cezanne,paul-cezanne.jpg,1890,"Aix-en-Provence, France",#d3e0a7,#526a64,#9dcb94,#1e2323,#8ea7d0,#73a783,#96ab8d,#394229,green,IMAGECOLORPICKER.com,"January 19, 1839",Post-Impressionism,Mature Period,
https://www.wikiart.org/en/paul-cezanne/four-bathers-1,Four_Bathers.jpg,Four Bathers,Paul Cezanne,,1890,"Aix-en-Provence, France",#b8a88c,#322920,#8f8168,#6a7060,#64563c,#a2a59d,#838b9e,#4f5034,"green, beige",IMAGECOLORPICKER.com,"January 19, 1839",Post-Impressionism,Mature Period,
https://www.wikiart.org/en/paul-cezanne/gardanne-1890,Gardanne.jpg,Gardanne,Paul Cezanne,,1890,"Aix-en-Provence, France",#3a553e,#a09455,#c1c0be,#ddd87c,#607b52,#7c3d2c,#dea856,#9d9f97,"green, orange",IMAGECOLORPICKER.com,"January 19, 1839",Post-Impressionism,Mature Period,
https://www.wikiart.org/en/paul-cezanne/harlequin-1890,Harlequin.jpg,Harlequin,Paul Cezanne,,1890,"Aix-en-Provence, France",#60647f,#762917,#6c80b1,#bb2925,#1b0c15,#614c41,#95625e,#572841,"blue, red",IMAGECOLORPICKER.com,"January 19, 1839",Post-Impressionism,Mature Period,
https://www.wikiart.org/en/paul-cezanne/house-with-red-roof-1890,House_with_Red_Roof.jpg,House with Red Roof,Paul Cezanne,,1890,"Aix-en-Provence, France",#466150,#dac4a0,#a29e78,#9ab0ba,#b6c5ba,#16211f,#749a68,#74918b,green,IMAGECOLORPICKER.com,"January 19, 1839",Post-Impressionism,Mature Period,
https://www.wikiart.org/en/paul-cezanne/madame-cezanne-in-a-yellow-chair,Madame_Cezanne_in_a_Yellow_Chair.jpg,Madame Cezanne in a Yellow Chair,Paul Cezanne,,1890,"Aix-en-Provence, France",#805739,#cfa26d,#8e8e92,#1d1410,#b0aa9f,#847f77,#471c12,#413d30,"red, yellow, gray",IMAGECOLORPICKER.com,"January 19, 1839",Post-Impressionism,Mature Period,
https://www.wikiart.org/en/paul-cezanne/madame-cezanne-in-blue-1890,Madame_Cezanne_in_Blue.jpg,Madame Cezanne in Blue,Paul Cezanne,,1890,"Aix-en-Provence, France",#776c5a,#c7af9a,#a5a5ab,#3f251e,#21110f,#aaa695,#94918d,#5d3921,"red, blue, green",IMAGECOLORPICKER.com,"January 19, 1839",Post-Impressionism,Mature Period,
https://www.wikiart.org/en/paul-cezanne/madame-cezanne-with-a-yellow-armchair,Madame_Cezanne_with_a_Yellow_Armchair.jpg,Madame Cezanne with a Yellow Armchair,Paul Cezanne,,1890,"Aix-en-Provence, France",#dbbe6d,#9b6247,#6e8170,#a6ad80,#774238,#536666,#c14f3b,#909895,"red, blue, green, orange",IMAGECOLORPICKER.com,"January 19, 1839",Post-Impressionism,Mature Period,
https://www.wikiart.org/en/paul-cezanne/man-in-a-room-1890,Man_in_a_Room.jpg,Man in a Room,Paul Cezanne,,1890,"Aix-en-Provence, France",#554f38,#c79957,#819392,#1a1a0d,#997e4f,#677674,#95a696,#34200a,blue,IMAGECOLORPICKER.com,"January 19, 1839",Post-Impressionism,Mature Period,
https://www.wikiart.org/en/paul-cezanne/mont-sainte-victoire-1890,Mont_Sainte_Victoire.jpg,Mont Saint-Victoire,Paul Cezanne,,1890,"Aix-en-Provence, France",#90806a,#2b2515,#6c5222,#49311e,#c69b61,#544e3d,#69513e,#b9afa7,"green, brown",IMAGECOLORPICKER.com,"January 19, 1839",Post-Impressionism,Mature Period,
https://www.wikiart.org/en/paul-gauguin/when-are-you-getting-married-1892,When Will You Marry Paul Gauguin.jpg,When Will You Marry?,Paul Gauguin,paul-gauguin.jpg,1882,French Polynesia,#a36f2d,#183813,#c4c1a7,#828b96,#9f1ea,#bc8622,#d67c42,#6b7f2f,"red, green, blue, yellow, brown",IMAGECOLORPICKER.com,"June 7, 1848",Cloisonnism (style of Post Impressionism),Post-Impressionism,
https://www.wikiart.org/en/paul-gauguin/view-of-pont-aven-from-lezaven-1888,View_of_Pont-Aven_from_Lezaven.jpg,View of Pont Aven from Lezaven,Paul Gauguin,,1888,France,#caa564,#5e4f1b,#a1743b,#242511,#75821f,#5b1f09,#afa67b,#a6977f,"green, red",IMAGECOLORPICKER.com,"June 7, 1848",Post-Impressionism,Breton Period,
https://www.wikiart.org/en/paul-gauguin/washerwomen-1888,Washerwomen.jpg,Washerwomen,Paul Gauguin,,1888,France,#624f3c,#cb6545,#192018,#a0694b,#8a8480,#a9b0ad,#939da8,#4f1f0f,"red, blue",IMAGECOLORPICKER.com,"June 7, 1848",Post-Impressionism,Breton Period,
https://www.wikiart.org/en/paul-gauguin/washerwomen-at-roubine-du-roi-1888,Washerwomen_at_Roubine_du_Roi.jpg,Washerwomen at Roubine du Roi,Paul Gauguin,,1888,France,#655a35,#cdab63,#1c201a,#a6803e,#909475,#472612,#aeb78a,#8b8e5c,"green, blue, yellow",IMAGECOLORPICKER.com,"June 7, 1848",Post-Impressionism,Breton Period,
https://www.wikiart.org/en/paul-gauguin/where-do-we-come-from-what-are-we-where-are-we-going-1897,where-do-we-come-from-what-are-we-where-are-we-going.jpg,Where Do We Come From? What Are We? Where Are We Going?,Paul Gauguin,,1898,France,#35312a,#c6aa65,#8d6e3f,#7791a5,#526673,#664f33,#94b2bd,#ac4c24,green,IMAGECOLORPICKER.com,"June 7, 1848",Post-Impressionism,Breton Period,
https://www.wikiart.org/en/paul-gauguin/young-woman-at-the-window-1888,Young_Woman_at_the_Window.jpg,Young Woman at the Window,Paul Gauguin,,1888,France,#c6a574,#281d1b,#763a1e,#995e22,#d9d4c4,#725b4a,#e5d7a5,#9c6440,"yellow, black, brown",IMAGECOLORPICKER.com,"June 7, 1848",Post-Impressionism,Breton Period,
https://www.wikiart.org/en/paul-gauguin/night-cafe-in-arles-madame-ginoux-1888,Night_Cafe_in_Arles.jpg,Night Cafe in Arles (Madame Ginoux),Paul Gauguin,,1888,France,#8c6735,#dadcb5,#dc502a,#a0a8a8,#8f907e,#c62a15,#a7a048,#4b9c27,"red, green, orange, beige",IMAGECOLORPICKER.com,"June 7, 1848",Post-Impressionism,(Unknown),
https://www.wikiart.org/en/paul-gauguin/the-wave-1888,The_Wave.jpg,The Wave,Paul Gauguin,,1888,France,#b89e71,#2a2220,#be3725,#efdba7,#eae2d0,#c6b9a5,#b45b2e,#706f5e,"yellow, red, black",IMAGECOLORPICKER.com,"June 7, 1848",Post-Impressionism,Breton Period,
https://www.wikiart.org/en/paul-gauguin/bonjour-monsieur-gauguin-1889,Bonjour_Monsieur_Gauguin.jpg,"Bonjour, Monsieur Gauguin",Paul Gauguin,,1889,France,#334138,#cbac6f,#9f8241,#3a6480,#7c97ab,#775c28,#788966,#abb7a3,"green, yellow, blue ",IMAGECOLORPICKER.com,"June 7, 1848",Post-Impressionism,Breton Period,
https://www.wikiart.org/en/paul-gauguin/breton-boy-in-a-landscape-with-goose-1889,Breton_Boy_in_a_Landscape_with_Goose.jpg,Breton Boy in a Landscape with Goose,Paul Gauguin,,1889,France,#885d1f,#333a1f,#b3a49e,#8f8374,#d9c9b9,#a69b25,#83250b,#ce8931,"green, red",IMAGECOLORPICKER.com,"June 7, 1848",Post-Impressionism,Breton Period,
https://www.wikiart.org/en/meijer-de-haan/self-portrait-in-breton-costume-1889,Self_Portrait_in_Breton_Costume.jpg,Self-portrait in Breton Costume,Meijer de Haan,meijer-de-hann.jpg,1889,"Amsterdam, Netherlands",#4e3030,#e3bf96,#935845,#65505f,#190f1f,#7a645c,#b65038,#9a8291,"red, purple",IMAGECOLORPICKER.com,"April 14, 1852",Post-Impressionism,(Unknown),
https://www.wikiart.org/en/meijer-de-haan/still-life-with-ham-1889,Still_Life_with_Ham.jpeg,Still Life with Ham,Meijer de Haan,,1889,"Amsterdam, Netherlands",#d1a67e,#443b2b,#90523d,#9eb596,#161a17,#6a7a66,#bd3c23,#4a626b,"green, red",IMAGECOLORPICKER.com,"April 14, 1852",Post-Impressionism,(Unknown),
https://www.wikiart.org/en/meijer-de-haan/lilacs-in-a-glass-apple-and-lemon-1890,Lilacs_in_a_Glass.jpg,"Lilacs in a Glass, Apple and Lemon",Meijer de Haan,,1890,"Amsterdam, Netherlands",#231b1c,#dec9be,#793e3e,#7e6a70,#a67e80,#79614e,#faf2e5,#b3997f,"beige, purple, black",IMAGECOLORPICKER.com,"April 14, 1852",Post-Impressionism,(Unknown),
https://www.wikiart.org/en/meijer-de-haan/maternity-mary-henry-breastfeeding-1890,Maternity.jpeg,Maternity: Mary Henry Breastfeeding,Meijer de Haan,,1890,"Amsterdam, Netherlands",#de9833,#27211c,#966027,#614429,#887d7c,#6f6653,#ae9f61,#ce361b,"orange, black",IMAGECOLORPICKER.com,"April 14, 1852",Post-Impressionism,(Unknown),
https://www.wikiart.org/en/meijer-de-haan/nature-morte-pichet-et-oignons-1890,Nature_Morte.jpeg,"Nature morte, Pichet et Oignons",Meijer de Haan,,1890,"Amsterdam, Netherlands",#a75933,#c97c46,#a78857,#2f302b,#d5b37c,#6c635f,#a89987,#471909,orange,IMAGECOLORPICKER.com,"April 14, 1852",Post-Impressionism,(Unknown),
https://www.wikiart.org/en/meijer-de-haan/still-life-with-a-profile-of-mimi-1890,Still_Life_with_a_Profile_of_Mimi.jpg,Still Life with a Profile of Mimi,Meijer de Haan,,1890,"Amsterdam, Netherlands",#5b6354,#95836f,#26433e,#a0ae9f,#b89a7c,#592822,#7a9084,#594121,"blue, green",IMAGECOLORPICKER.com,"April 14, 1852",Post-Impressionism,(Unknown),
https://www.wikiart.org/en/meijer-de-haan/self-portrait-1891,Self_Portrait.jpg,Self-Portrait,Meijer de Haan,,1891,"Amsterdam, Netherlands",#c1943f,#aabccc,#583010,#525832,#e6d749,#746539,#c8501f,#bfa987,"yellow, red, blue",IMAGECOLORPICKER.com,"April 14, 1852",Post-Impressionism,(Unknown),
https://www.wikiart.org/en/meijer-de-haan/a-bunch-of-garlic-and-a-pewter-tankard,A_Bunch_of_Garlic.jpeg,A Bunch of Garlic and a Pewter Tankard,Meijer de Haan,,(Unknown),"Amsterdam, Netherlands",#544423,#c79f54,#251f15,#837853,#90866d,#a5813c,#845e25,#b09d63,"brown, gray",IMAGECOLORPICKER.com,"April 14, 1852",Post-Impressionism,(Unknown),
https://www.wikiart.org/en/meijer-de-haan/still-life-pit-onions-bread-and-green-apples,Still_Life_Pit.jpg,"Still Life: Pit, Onions, Bread and Green Apples",Meijer de Haan,,(Unknown),"Amsterdam, Netherlands",#3f2614,#b77a43,#90582f,#9b876d,#160e0b,#6e3417,#736348,#837577,"red, brown",IMAGECOLORPICKER.com,"April 14, 1852",Post-Impressionism,(Unknown),
https://www.wikiart.org/en/tivadar-kosztka-csontvary/blossoming-almonds-landscape-in-italy-1902,Blossoming_Almonds.jpg,Blossoming Almonds (Landscape in Italy),Tivadar Kosztka Csontvary,tivadar-kosztka-csontvary.png,1902,"Kisszeben, Hungary",#ebe8e2,#39251e,#bd9872,#906145,#9d845a,#6f4e36,#bca9a1,#7b6c64,brown,IMAGECOLORPICKER.com,"July 5, 1853",Post-Impressionism,(Unknown),
https://www.wikiart.org/en/tivadar-kosztka-csontvary/castellamare-di-stabia-1902,Castellamare.jpeg,Castellamare di Stabia,Tivadar Kosztka Csontvary,,1902,"Kisszeben, Hungary",#cfd1cc,#322628,#7e6448,#7e9ba7,#7e7970,#c7a77b,#566a68,#a1a2a6,"blue, beige ",IMAGECOLORPICKER.com,"July 5, 1853",Post-Impressionism,(Unknown),
https://www.wikiart.org/en/tivadar-kosztka-csontvary/town-at-the-seashore-1902,Town_at_the_Seashore.jpg,Town at the Seashore,Tivadar Kosztka Csontvary,,1902,"Kisszeben, Hungary",#745b4c,#3d2929,#c2cdeb,#b79c89,#686a88,#7388af,#515976,#8797c5,blue,IMAGECOLORPICKER.com,"July 5, 1853",Post-Impressionism,(Unknown),
https://www.wikiart.org/en/tivadar-kosztka-csontvary/roman-bridge-at-mostar-1903,Roman_Bridge_at_Mostar.jpg,Roman Bridge at Mostar,Tivadar Kosztka Csontvary,,1903,"Kisszeben, Hungary",#676461,#e5cbbd,#292524,#372a29,#aa9283,#a297ba,#45362a,#b1b7b7,"blue, black, purple, white",IMAGECOLORPICKER.com,"July 5, 1853",Post-Impressionism,(Unknown),
https://www.wikiart.org/en/tivadar-kosztka-csontvary/springtime-in-mostar-1903,Springtime_in_Mostar.jpg,Springtime in Mostar,Tivadar Kosztka Csontvary,,1903,"Kisszeben, Hungary",#6a6b6b,#d5d2d1,#1e333c,#b6c2c4,#a89689,#a4aaba,#4d2e30,#604131,"blue, gray, red",IMAGECOLORPICKER.com,"July 5, 1853",Post-Impressionism,(Unknown),
https://www.wikiart.org/en/tivadar-kosztka-csontvary/waterfall-at-jajce-1903,Waterfall_at_Jajce.jpeg,Waterfall at Jajce,Tivadar Kosztka Csontvary,,1903,"Kisszeben, Hungary",#cdc2b3,#3f3932,#87806b,#a9947c,#7a634d,#62614d,#9a94b1,#5f5d76,green,IMAGECOLORPICKER.com,"July 5, 1853",Post-Impressionism,(Unknown),
https://www.wikiart.org/en/tivadar-kosztka-csontvary/street-in-athen-1904,Street_in_Athens.jpg,Street in Athens,Tivadar Kosztka Csontvary,,1904,"Kisszeben, Hungary",#d2c5b7,#413c32,#b6a98d,#aa9276,#837d76,#7e795a,#7c6148,#61605a,"blue, red, beige",IMAGECOLORPICKER.com,"July 5, 1853",Post-Impressionism,(Unknown),
https://www.wikiart.org/en/tivadar-kosztka-csontvary/the-small-taormin-1904,The_Small_Taormin.jpg,The Small Taormin,Tivadar Kosztka Csontvary,,1904,"Kisszeben, Hungary",#aa6950,#ebe5e0,#3c2522,#674136,#602923,#cc9e8b,#e0966f,#c1a8b2,red,IMAGECOLORPICKER.com,"July 5, 1853",Post-Impressionism,(Unknown),
https://www.wikiart.org/en/tivadar-kosztka-csontvary/the-mount-of-olives-in-jerusalem-1905,The_Mount_of_Olives.jpg,The Mount of Olives in Jerusalem,Tivadar Kosztka Csontvary,,1905,"Kisszeben, Hungary",#9ca6a1,#231c1e,#e4d4b9,#5a443f,#725949,#7b6a67,#606782,#b9d6c6,"blue, beige",IMAGECOLORPICKER.com,"July 5, 1853",Post-Impressionism,(Unknown),
https://www.wikiart.org/en/tivadar-kosztka-csontvary/view-of-the-dead-sea-from-the-temple-square-in-jerusalem-1905,View_of_the_Dead_Sea.jpg,View of the Dead Sea from the Temple Square in Jerusalem,Tivadar Kosztka Csontvary,,1905,"Kisszeben, Hungary",#e5d8cc,#622f29,#85533e,#9f6757,#ba886b,#c39b86,#666577,#94909c,red,IMAGECOLORPICKER.com,"July 5, 1853",Post-Impressionism,(Unknown),
https://www.wikiart.org/en/ivan-mrkvicka/bulgarian-woman-from-smilevo-1931,Bulgarian_Woman.jpg,Bulgarian Woman from Smilevo,Ivan Mrkviсka,ivan-mrkvicka.png,1931,Czech Republic,#8e614d,#ded392,#a6a161,#d5884b,#85262b,#375143,#989a8a,#5d5b49,"red, green",IMAGECOLORPICKER.com,"April 23, 1856",Post-Impressionism,(Unknown),
https://www.wikiart.org/en/ivan-mrkvicka/portrait-of-a-woman,Portrait_of_a_Woman.jpg,Portrait of a Woman,Ivan Mrkviсka,,(Unknown),Czech Republic,#d7a57c,#34140e,#725d41,#906e4b,#6b2a1b,#ab946f,#a78b7c,#534a44,"red, brown",IMAGECOLORPICKER.com,"April 23, 1856",Post-Impressionism,(Unknown),
https://www.wikiart.org/en/ivan-mrkvicka/kids-eating-grapes,Kids_Eating_Grapes.jpg,Kids Eating Grapes,Ivan Mrkviсka,,(Unknown),Czech Republic,#d5bb9c,#29221e,#825a46,#5f3f2f,#96908e,#9b9c8e,#676857,#a74d3f,"brown, black",IMAGECOLORPICKER.com,"April 23, 1856",Post-Impressionism,(Unknown),
https://www.wikiart.org/en/ivan-mrkvicka/portrait-of-the-artists-son,Portrait_of_the_Artists_Son.jpg,Portrait of the Artist's Son,Ivan Mrkviсka,,(Unknown),Czech Republic,#848984,#212323,#543e32,#42312a,#426864,#674b40,#c0bbb2,#b3bcb5,"blue, brown, white",IMAGECOLORPICKER.com,"April 23, 1856",Post-Impressionism,(Unknown),
https://www.wikiart.org/en/ivan-mrkvicka/bulgarian-woman-from-macedonia,Bulgarian_Woman_from_Macedonia.jpg,Bulgarian Woman from Macedonia,Ivan Mrkviсka,,(Unknown),Czech Republic,#804b3f,#c7b498,#a1957e,#b15b4a,#8c796d,#d19479,#3f2826,#b0a39c,red,IMAGECOLORPICKER.com,"April 23, 1856","Post-Impressionism, Impressionism",(Unknown),
https://www.wikiart.org/en/ivan-mrkvicka/mladezhki-cherven-krst,edd-3257.jpg!Large.jpg,Youth Red Cross,Ivan Mrkviсka,,1920,Bulgaria,#584c44,#ca6d58,#14181d,#99917e,#a9ad9f,#cac8b8,#9a6a4f,#7b7777,,IMAGECOLORPICKER.com,,,,
https://www.wikiart.org/en/ivan-mrkvicka/bulgarian-woman-from-smilevo-1931,bulgarian-woman-from-smilevo-mrkvicka.jpg!Large.jpg,Bulgarian Woman from Smilevo,Ivan Mrkviсka,,1931,Bulgaria,#8e614d,#ded392,#a6a161,#d5884b,#85262b,#375143,#989a8a,#5d5b49,,IMAGECOLORPICKER.com,,,,
https://www.wikiart.org/en/ivan-mrkvicka/portrait-of-a-woman-1924,screenshot-2019-11-03-at-21-27-00.jpg!Large.jpg,Portrait of a Woman,Ivan Mrkviсka,,1924,Unknown,#181b1f,#ccc3b6,#6e6b63,#6276a3,#413e37,#8895a0,#3b4869,#4f5f72,,IMAGECOLORPICKER.com,,,,
https://www.wikiart.org/en/ivan-mrkvicka/self-portrait,ivan-mrkvi-ka-self-portrait.jpg,Self Portrait,Ivan Mrkviсka,,(Unknown),Unknown,#4e5549,#deccaa,#91867e,#939eb1,#6b798b,#bc563f,#a3b6b2,#73866d,,IMAGECOLORPICKER.com,,,,
https://www.wikiart.org/en/maurice-prendergast/circus-band,Circus_Band.jpg,Circus Band,Maurice Prendergast,maurice-prendergast.png,1895,Canada,#aa8c55,#472610,#d1ba8a,#653617,#6d522e,#84562d,#764a19,#d1bc78,"yellow, brown ",IMAGECOLORPICKER.com,"October 10, 1858",Post-Impressionism,(Unknown),
https://www.wikiart.org/en/maurice-prendergast/spring-in-franklin-park-1895,Spring_in_Franklin_Park.jpg,Spring in Franklin Park,Maurice Prendergast,,1895,Canada,#a89c73,#eadabe,#806d54,#5e4e41,#cbbc99,#dec49f,#625f4c,#e3d6a7,green,IMAGECOLORPICKER.com,"October 10, 1858",Post-Impressionism,(Unknown),
https://www.wikiart.org/en/maurice-prendergast/three-little-girls-in-red-1895,Three_Little_Girls_in_Red.jpg,Three Little Girls in Red,Maurice Prendergast,,1895,Canada,#b58a46,#382b10,#6b572c,#edd6ab,#623609,#ebc883,#cdaf7c,#e8aa5c,"brown, orange",IMAGECOLORPICKER.com,"October 10, 1858",Post-Impressionism,(Unknown),
https://www.wikiart.org/en/maurice-prendergast/jumping-rope,Jumping_Rope.jpg,Jumping Rope,Maurice Prendergast,,1895-1897,Canada,#cc9d56,#7d390d,#f7edd1,#f1d99e,#e5c58b,#a76224,#83662c,#5d5c2a,"orange, beige",IMAGECOLORPICKER.com,"October 10, 1858",Post-Impressionism,(Unknown),
https://www.wikiart.org/en/maurice-prendergast/low-tide,Low_Tide.jpg,Low Tide,Maurice Prendergast,,1895-1897,Canada,#d4c992,#323d2e,#9a8552,#aabba5,#417fb1,#316485,#6f5c37,#6e8a79,"blue, yellow, green",IMAGECOLORPICKER.com,"October 10, 1858",Post-Impressionism,(Unknown),
https://www.wikiart.org/en/maurice-prendergast/the-stony-beach-ogunquit,The_Stony_Beach.jpg,"The Stony Beach, Ogunquit",Maurice Prendergast,,1896-1897,Canada,#9a8e44,#31474a,#733316,#ced7bf,#89a296,#d4c187,#59644c,#815a2b,"green, blue",IMAGECOLORPICKER.com,"October 10, 1858",Post-Impressionism,(Unknown),
https://www.wikiart.org/en/maurice-prendergast/st-mark-s-venice-1898,St_Marks.jpg,"St. Mark's, Venice",Maurice Prendergast,,1898,Canada,#303c38,#a0905f,#a6c2cd,#ddc48b,#7a3719,#597171,#a9b0a0,#805f22,"blue, beige",IMAGECOLORPICKER.com,"October 10, 1858",Post-Impressionism,(Unknown),
https://www.wikiart.org/en/maurice-prendergast/bed-of-flowers-also-known-as-cannas-or-the-garden,Bed_of_Flowers.jpg,Bed of Flowers (also known as Cannas or The Garden),Maurice Prendergast,,1899,Canada,#364a3f,#a79557,#65734f,#8f350f,#e7a965,#ebd291,#bc631b,#dbd7bd,"green, red",IMAGECOLORPICKER.com,"October 10, 1858",Post-Impressionism,(Unknown),
https://www.wikiart.org/en/maurice-prendergast/courtyard-scene-siena,Courtyard_Scene.jpg,"Courtyard Scene, Siena",Maurice Prendergast,,1898-1899,Canada,#a58c6f,#3f342f,#d9c6a6,#695747,#d4ba9a,#e2d1b6,#583a2d,#835943,beige,IMAGECOLORPICKER.com,"October 10, 1858",Post-Impressionism,(Unknown),
https://www.wikiart.org/en/maurice-prendergast/easter-procession-st-mark-s,Easter_Procession.jpg,"Easter Procession, St. Mark's",Maurice Prendergast,,1898-1899,Canada,#2e2d38,#9f806a,#d6d3d2,#5d352d,#5e585a,#d8ac8a,#e3c9a4,#b6a7a4,beige,IMAGECOLORPICKER.com,"October 10, 1858",Post-Impressionism,(Unknown),
https://www.wikiart.org/en/walter-sickert/the-american-1908,The_American.jpg,The American,Walter Sickert,Walter-Richard-Sickert.jpg,1908,"Munich, Germany",#b2925b,#1e191c,#765f3a,#4d3e2b,#424252,#3b3c34,#8e857d,#5b5c54,"brown, yellow, blue, black",IMAGECOLORPICKER.com,"May 31, 1860",Post-Impressionism,(Unknown),
https://www.wikiart.org/en/walter-sickert/ennui,Ennui.jpg,Ennui,Walter Sickert,,1913,"Munich, Germany",#827160,#36312f,#4c413a,#674a3a,#af9b7c,#45332e,#503d2b,#a39c7b,brown,IMAGECOLORPICKER.com,"May 31, 1860",Post-Impressionism,(Unknown),
https://www.wikiart.org/en/walter-sickert/brighton-pierrots-1915,Brighton_Pierrots.jpeg,Brighton Pierrots,Walter Sickert,,1915,"Munich, Germany",#5a5240,#1c2522,#60666f,#b28779,#88714f,#312a21,#9aa583,#7a7d58,green,IMAGECOLORPICKER.com,"May 31, 1860",Post-Impressionism,(Unknown),
https://www.wikiart.org/en/walter-sickert/the-front-at-hove-turpe-senex-miles-turpe-senilis-amor-1930,The_Front_at_Hove.jpg,The Front at Hove (Turpe Senex Miles Turpe Senilis Amor),Walter Sickert,,1930,"Munich, Germany",#85a1c0,#c5d0d2,#3a484c,#667b77,#1e6d9b,#235175,#4a8ab3,#aed5e2,blue,IMAGECOLORPICKER.com,"May 31, 1860",Post-Impressionism,(Unknown),
https://www.wikiart.org/en/walter-sickert/the-seducer,The_Seducer.jpeg,The Seducer,Walter Sickert,,1929-1930,"Munich, Germany",#222525,#827a68,#b89b5a,#a4a3a3,#453027,#4a4944,#6d5636,#624820,"yellow, blue",IMAGECOLORPICKER.com,"May 31, 1860",Post-Impressionism,(Unknown),
https://www.wikiart.org/en/walter-sickert/lady-martin-1935,Lady_Martin.jpeg,Lady Martin,Walter Sickert,,1935,"Munich, Germany",#586475,#ccc6cc,#97928f,#201e22,#879ebd,#3a3532,#233c5e,#7a94ae,blue,IMAGECOLORPICKER.com,"May 31, 1860",Post-Impressionism,(Unknown),
https://www.wikiart.org/en/walter-sickert/sir-alec-martin-1935,Sir_Alec_Martin.jpg,Sir Alec Martin,Walter Sickert,,1935,"Munich, Germany",#16546c,#606b71,#44453c,#9ea7ba,#b0b3c0,#929499,#73889a,#9ea4a8,"blue, gray",IMAGECOLORPICKER.com,"May 31, 1860",Post-Impressionism,(Unknown),
https://www.wikiart.org/en/walter-sickert/variation-on-peggy-1935,Variation_on_Peggy.jpeg,Variation on Peggy,Walter Sickert,,1934-1935,"Munich, Germany",#7385a4,#4b554a,#7e605e,#6e788a,#1d251f,#21362f,#977473,#86948c,"green, blue, red",IMAGECOLORPICKER.com,"May 31, 1860",Post-Impressionism,(Unknown),
https://www.wikiart.org/en/walter-sickert/clarence-gardens-camden-town,Clarence_Gardens.jpeg,"Clarence Garden, Camden Town",Walter Sickert,,(Unknown),"Munich, Germany",#47564c,#beb397,#8e8672,#696d7e,#1b1e16,#6a8567,#a0a6ad,#a2b597,green,IMAGECOLORPICKER.com,"May 31, 1860",Post-Impressionism,(Unknown),
https://www.wikiart.org/en/walter-sickert/london-street-bath,London_Street_Bath.jpg,"London Street, Bath",Walter Sickert,,(Unknown),"Munich, Germany",#3a2c1c,#b29a7e,#593f28,#6e5c48,#6c552d,#dfc29d,#ebd7b6,#babfc1,beige,IMAGECOLORPICKER.com,"May 31, 1860",Post-Impressionism,(Unknown),
https://www.wikiart.org/en/henri-martin/return-from-the-fields-1896,Return_from_the_Fields.jpg,Return from the Fields,Henri Martin,henri-martin.png,1890-1896,"Toulouse, France",#6d5b48,#cec5b8,#262223,#a59c88,#a38861,#402a24,#b2b49b,#8f8e6e,"beige, green, brown",IMAGECOLORPICKER.com,"August 5, 1860",Post-Impressionism,(Unknown),
https://www.wikiart.org/en/henri-martin/saint-cirq-lapopie-in-evening-1897,Saint-Cirq-Lapopie.jpg,Saint-Cirq-Lapopie in Evening,Henri Martin,,1920,"Toulouse, France",#bec39b,#57503c,#888e70,#a99562,#282d2d,#6d7468,#896e46,#8f9a8d,green,IMAGECOLORPICKER.com,"August 5, 1860",Post-Impressionism,(Unknown),
https://www.wikiart.org/en/henri-martin/recifs-1920,Recifs.jpg,Recifs,Henri Martin,,1920,"Toulouse, France",#64756f,#412e2b,#272b2b,#46443f,#b4b18b,#919782,#514128,#8c9d9d,blue,IMAGECOLORPICKER.com,"August 5, 1860",Post-Impressionism,(Unknown),
https://www.wikiart.org/en/henri-martin/the-church-at-labastide-1920,The_Church_at_Labastide.jpg,The Church at Labastide,Henri Martin,,1920,"Toulouse, France",#c7bfaf,#585b2e,#a2bcae,#19280f,#949dc2,#847d78,#40241a,#967a44,green,IMAGECOLORPICKER.com,"August 5, 1860",Post-Impressionism,(Unknown),
https://www.wikiart.org/en/henri-martin/church-by-the-river-1921,Church_by_the_River.jpg,Church by the River,Henri Martin,,1921,"Toulouse, France",#9f895b,#afbdca,#e0bb77,#3b4a58,#8c99a5,#596466,#733e30,#847026,"blue, green, beige ",IMAGECOLORPICKER.com,"August 5, 1860",Post-Impressionism,(Unknown),
https://www.wikiart.org/en/henri-martin/garden-of-luxembourg-1931,Garden_of_Luxembourg.jpg,Garden of Luxembourg,Henri Martin,,1931,"Toulouse, France",#444439,#cbc6a8,#8b8973,#696c74,#a0ae9e,#969ca8,#717e70,#1a2024,green,IMAGECOLORPICKER.com,"August 5, 1860",Post-Impressionism,(Unknown),
https://www.wikiart.org/en/henri-martin/church-in-winter,Church_in_Winter.jpg,Church in Winter,Henri Martin,,(Unknown),"Toulouse, France",#585446,#919081,#938665,#ebeae2,#29312f,#82846f,#b8a784,#41331a,(green),IMAGECOLORPICKER.com,"August 5, 1860",Post-Impressionism,(Unknown),
https://www.wikiart.org/en/henri-martin/collioure-and-red-roofs,Collioure_and_Red_Roofs.jpg,Collioure and Red Roofs,Henri Martin,,(Unknown),"Toulouse, France",#cabbb0,#5c5558,#819cbe,#adb7c3,#a28370,#252938,#7a8995,#603f1e,"blue, red",IMAGECOLORPICKER.com,"August 5, 1860",Post-Impressionism,(Unknown),
https://www.wikiart.org/en/henri-martin/cultivation-of-the-vines,Cultivation_of_the_Vines.jpg,Cultivation of the Vines,Henri Martin,,(Unknown),"Toulouse, France",#61654f,#9ab3cd,#c9d6d1,#a7bb6d,#252b2f,#849092,#3a302d,#9c9b63,green,IMAGECOLORPICKER.com,"August 5, 1860",Post-Impressionism,(Unknown),
https://www.wikiart.org/en/henri-martin/study-of-young-farmers,Study_of_Young_Farmers.jpg,Study of Young Farmers,Henri Martin,,(Unknown),"Toulouse, France",#766944,#323830,#ceb074,#ad8e50,#a09b7a,#97955e,#b8bd92,#48331f,green,IMAGECOLORPICKER.com,"August 5, 1860",Post-Impressionism,(Unknown),
https://www.wikiart.org/en/roderic-oconor/parc-sous-la-lune-1940,Parc_Sous_la_Lune.jpg,Parc Sous La Lune,Roderic O'Conor,roderic-o-conor.jpg,1940,Ireland,#7e93a3,#1b171e,#9aafbd,#687582,#73848b,#405066,#40383e,#494c52,"blue, black",IMAGECOLORPICKER.com,"October 17, 1860","Post-Impressionism, Impressionism",(Unknown),
https://www.wikiart.org/en/roderic-oconor/landscape,Landscape.jpg,Landscape,Roderic O'Conor,,(Unknown),Ireland,#857a63,#333e3b,#d4ab8f,#acafc4,#7e6521,#9797a1,#5f351d,#b9af9e,"(pink, blue, green)",IMAGECOLORPICKER.com,"October 17, 1860",Post-Impressionism,(Unknown),
https://www.wikiart.org/en/roderic-oconor/le-cap-canail-cassis,Le_Cap_Canail.jpg,"Le Cap Canail, Cassis",Roderic O'Conor,,(Unknown),Ireland,#632f42,#d4c9c2,#be8d22,#2b222b,#6b673b,#ae8b79,#d3c643,#3a8938,"green, yellow, purple, orange",IMAGECOLORPICKER.com,"October 17, 1860",Post-Impressionism,(Unknown),
https://www.wikiart.org/en/roderic-oconor/breton-girl,Breton_Girl.jpeg,Breton Girl,Roderic O'Conor,,(Unknown),Ireland,#27180e,#d39976,#764e2c,#5a4429,#625438,#907f7e,#54464d,#9c4320,brown,IMAGECOLORPICKER.com,"October 17, 1860",Post-Impressionism,(Unknown),
https://www.wikiart.org/en/roderic-oconor/la-colline-noire,La_Colline_Noire.jpg,La Colline Noire,Roderic O'Conor,,(Unknown),Ireland,#91a0ac,#746916,#182329,#818688,#523313,#c2bc94,#9f9321,#b3bc98,"green, blue",IMAGECOLORPICKER.com,"October 17, 1860",Post-Impressionism,(Unknown),
https://www.wikiart.org/en/roderic-oconor/jeune-paysanne-bretonne,Jeune_Paysanne_Bretonne.jpg,Jeune Paysanne Bretonne,Roderic O'Conor,,(Unknown),Ireland,#353535,#adb7be,#aaaba3,#97a19e,#7f8689,#7f725a,#545a62,#656f6d,blue,IMAGECOLORPICKER.com,"October 17, 1860",Post-Impressionism,(Unknown),
https://www.wikiart.org/en/roderic-oconor/un-bouquet,Un_Bouquet.jpg,Un Bouquet,Roderic O'Conor,,(Unknown),Ireland,#693526,#bdb885,#ca7234,#2c291e,#917f55,#a63e2a,#a1998d,#86605d,red,IMAGECOLORPICKER.com,"October 17, 1860",Post-Impressionism,(Unknown),
https://www.wikiart.org/en/roderic-oconor/tate-tate-t00133-10-001still-life-with-bottles-1892,tate-tate-t00133-10-001.jpg!Large.jpg,Still Life with Bottles,Roderic O'Conor,,1892,"Tate Britain, London, UK",#827e9b,#772e28,#27435e,#24514b,#c4a7a3,#495b7e,#828ec6,#513141,,IMAGECOLORPICKER.com,,,,
https://www.wikiart.org/en/roderic-oconor/the-glade-1892,roderic-o-conor-the-glade-1892-oil-on-canvas-92-x-59-6-cm-moma-270-1956.png!Large.jpeg,The Glade,Roderic O'Conor,,1892,,#d1bb58,#284f37,#896547,#c62c1b,#91b352,#505e70,#71739e,#518d50,,IMAGECOLORPICKER.com,,,,
https://www.wikiart.org/en/roderic-oconor/bretonne-1890,roderic-o-conor-bretonne.jpg!Large.jpg,Bretonne,Roderic O'Conor,,1890,,#f4e0c1,#1b2c24,#f8d18d,#69362a,#b85f1e,#da7466,#272624,#812425,,IMAGECOLORPICKER.com,,,,
https://www.wikiart.org/en/santiago-rusinol/before-the-morphine-1890,Before_the_Morphine.jpg,Before the Morphine,Santiago Rusinol,santiago-rusinol.jpg,1890,"Barcelona, Spain",#d9c8a0,#685e42,#150d10,#3b261f,#aeb8ab,#a69458,#8e8f62,#959685,"(beige, gray, blue)",IMAGECOLORPICKER.com,"June 30, 1861",Post-Impressionism,(Unknown),
https://www.wikiart.org/en/santiago-rusinol/landmark-1892,Landmark.jpeg,Landmark,Santiago Rusinol,,1892,"Barcelona, Spain",#b2bab1,#758c3c,#416c2c,#9a9867,#e9e2b3,#b0cae4,#77a0b1,#928a7f,"yellow, blue, green",IMAGECOLORPICKER.com,"June 30, 1861",Post-Impressionism,(Unknown),
https://www.wikiart.org/en/santiago-rusinol/gardens-of-the-generalife-1895,Gardens_of_the_Generalife.jpg,Gardens of the Generalife,Santiago Rusinol,,1895,"Barcelona, Spain",#b2aea5,#202f22,#82724e,#9898a1,#575036,#ad8b38,#969f82,#5d7053,green,IMAGECOLORPICKER.com,"June 30, 1861",Post-Impressionism,(Unknown),
https://www.wikiart.org/en/santiago-rusinol/jard-n-abandonado-1898,Abandoned_Garden.jpg,Abandoned Garden,Santiago Rusinol,,1898,"Barcelona, Spain",#857164,#442d49,#ddab88,#e8d5a2,#d7d0c6,#b1ab9e,#4a4654,#b3ab84,"green, purple",IMAGECOLORPICKER.com,"June 30, 1861",Post-Impressionism,(Unknown),
https://www.wikiart.org/en/santiago-rusinol/white-farmhouse-bunyola-majorca-1902,White_Farmhouse.jpg,"White Farmhouse (Bunyola, Majorca)",Santiago Rusinol,,1902,"Barcelona, Spain",#4a6144,#bdbdae,#8a8d7b,#9aa5a0,#1b2525,#677b7a,#a1b4a7,#173e41,"green, blue, white",IMAGECOLORPICKER.com,"June 30, 1861",Post-Impressionism,(Unknown),
https://www.wikiart.org/en/santiago-rusinol/jard-n-de-las-eleg-as-son-moragues-1903,The_Garden_of_Elegies.jpg,The Garden of Elegies,Santiago Rusinol,,1903,"Barcelona, Spain",#1d221b,#c3a25e,#7a6d4b,#5b7551,#564e39,#8fab55,#565f60,#71868f,"green, blue, yellow",IMAGECOLORPICKER.com,"June 30, 1861",Post-Impressionism,(Unknown),
https://www.wikiart.org/en/santiago-rusinol/s-ller-on-the-north-coast-of-mallorca-1905,Soller.jpeg,Sóller on the North Coast of Mallorca,Santiago Rusinol,,1905,"Barcelona, Spain",#524341,#d3d4cd,#a3bbb9,#9a765e,#899da9,#768e8d,#131111,#6b6a7a,"blue, red",IMAGECOLORPICKER.com,"June 30, 1861",Post-Impressionism,(Unknown),
https://www.wikiart.org/en/santiago-rusinol/terraced-garden-in-mallorca-1911,Terraced_Garden.jpg,Terraced Garden in Mallorca,Santiago Rusinol,,1911,"Barcelona, Spain",#a6974a,#282a23,#ede4d3,#5e432c,#67633e,#ccb493,#eadc97,#e4b16e,green,IMAGECOLORPICKER.com,"June 30, 1861",Post-Impressionism,(Unknown),
https://www.wikiart.org/en/santiago-rusinol/the-landing-stage-1911,The_Landing_Stage.jpg,The Landing Stage,Santiago Rusinol,,1911,"Barcelona, Spain",#b48d75,#3f2721,#8b6551,#6a5d4c,#13100f,#9b9473,#675354,#978985,red,IMAGECOLORPICKER.com,"June 30, 1861",Post-Impressionism,(Unknown),
https://www.wikiart.org/en/santiago-rusinol/blue-courtyard-arenys-de-munt-1913,Blue_Courtyard.jpg,"Blue Courtyard, Arenys de Munt",Santiago Rusinol,,1913,"Barcelona, Spain",#1f242f,#a97b6b,#886150,#55473a,#5b685c,#cac6b4,#959f8f,#6a81a6,"blue, red, green ",IMAGECOLORPICKER.com,"June 30, 1861",Post-Impressionism,(Unknown),
https://www.wikiart.org/en/maxime-maufra/harvesting-of-goemon-1891,Harvesting_of_Goemon.jpg,Harvesting of Goemon,Maxime Maufra,maxime-maufra.png,1891,"Nantes, France",#a9a2ce,#7f5840,#351c1a,#d3ac87,#d7c9c6,#5e2515,#897c96,#b37e56,"orange, red, blue, purple, green",IMAGECOLORPICKER.com,"May 17, 1861",Post-Impressionism,(Unknown),
https://www.wikiart.org/en/maxime-maufra/brittany-1892,Brittany.jpg,Brittany,Maxime Maufra,,1892,"Nantes, France",#dcd6d3,#4b5034,#938b6d,#698ab6,#afbbc5,#59647b,#141e23,#78865d,"blue, green",IMAGECOLORPICKER.com,"May 17, 1861",Post-Impressionism,(Unknown),
https://www.wikiart.org/en/maxime-maufra/pont-aven-red-sky-1892,Pont_Aven_Red_Sky.jpg,"Pont-Aven, Red Sky",Maxime Maufra,,1892,"Nantes, France",#caaa72,#e8f1ed,#2f332b,#bf7c3d,#c2c7b4,#e6dfae,#7f8970,#8b542c,"white, orange, blue",IMAGECOLORPICKER.com,"May 17, 1861",Post-Impressionism,(Unknown),
https://www.wikiart.org/en/maxime-maufra/the-cliffs,The_Cliffs.jpg,The Cliffs,Maxime Maufra,,1893,"Nantes, France",#33393f,#cfd9c8,#59545b,#6b8a82,#91b6a5,#a2a478,#797741,#8e8d92,blue,IMAGECOLORPICKER.com,"May 17, 1861",Post-Impressionism,(Unknown),
https://www.wikiart.org/en/maxime-maufra/the-leguenay-bridge-1894,The_Leguenay_Bridge.jpg,The Leguenay Bridge,Maxime Maufra,,1894,"Nantes, France",#33212b,#c3aaa2,#8b3a32,#9b573b,#74606e,#bb8a60,#e7d5c6,#d0c2ce,"red, purple",IMAGECOLORPICKER.com,"May 17, 1861",Post-Impressionism,(Unknown),
https://www.wikiart.org/en/maxime-maufra/the-three-cliffs-1894,The_Three_Cliffs.jpg,The Three Cliffs,Maxime Maufra,,1894,"Nantes, France",#352835,#d0c7c4,#989077,#a29db1,#7b836f,#67677e,#b0b6a5,#6f5e46,"green, purple, blue",IMAGECOLORPICKER.com,"May 17, 1861",Post-Impressionism,(Unknown),
https://www.wikiart.org/en/maxime-maufra/the-black-cliffs-at-thurso-1895,The_Black_Cliffs_at_Thurso.jpg,The Black Cliffs at Thurso,Maxime Maufra,,1895,"Nantes, France",#beaf97,#90a1a1,#231419,#806345,#556565,#7988a4,#553331,#ab4439,"red, blue",IMAGECOLORPICKER.com,"May 17, 1861",Post-Impressionism,(Unknown),
https://www.wikiart.org/en/maxime-maufra/douarnenez-october-landscape-1896,Douarnenez.jpg,"Douarnenez, October Landscape",Maxime Maufra,,1896,"Nantes, France",#6a6a47,#303425,#c4c3bd,#ccb690,#aa9865,#a1a391,#473925,#8e9c6b,green,IMAGECOLORPICKER.com,"May 17, 1861",Post-Impressionism,(Unknown),
https://www.wikiart.org/en/maxime-maufra/twilight-1896,Twilight.jpg,Twilight,Maxime Maufra,,1896,"Nantes, France",#56493e,#be8d66,#15171a,#9c8974,#96725a,#897a75,#a8ad9d,#2e1a14,"orange, blue, black",IMAGECOLORPICKER.com,"May 17, 1861",Post-Impressionism,(Unknown),
https://www.wikiart.org/en/maxime-maufra/breton-landscape-1897,Breton_Landscape.jpg,Breton Landscape,Maxime Maufra,,1897,"Nantes, France",#c7c8bc,#a9bec0,#57492d,#8da3af,#9b8467,#6e6a69,#140b0e,#2f140e,"blue, green",IMAGECOLORPICKER.com,"May 17, 1861",Post-Impressionism,(Unknown),
https://www.wikiart.org/en/jozsef-rippl-ronai/twilight-in-an-intimate-room-1892,Twilight_in_an_Intimate_Room.jpg,Twilight in an Intimate Room,Jozsef Rippl-Ronai,jozsef-rippl-ronai.png,1892,"Kaposvár, Hungary",#2d2414,#80756e,#b29b95,#92929a,#5c4f43,#69665f,#4a4539,#605a5e,brown,IMAGECOLORPICKER.com,"May 23, 1861",Post-Impressionism,(Unknown),
https://www.wikiart.org/en/jozsef-rippl-ronai/a-park-at-night-1895,A_Park_at_Night.jpeg,A Park at Night,Jozsef Rippl-Ronai,,1892-1895,"Kaposvár, Hungary",#092030,#19484f,#2b6069,#afc06a,#040413,#1f5364,#748494,#848c8c,blue,IMAGECOLORPICKER.com,"May 23, 1861","Post-Impressionism, Symbolism",(Unknown),
https://www.wikiart.org/en/jozsef-rippl-ronai/aristide-maillol-1899,Aristide.jpg,Aristide Maillol,Jozsef Rippl-Ronai,,1899,"Kaposvár, Hungary",#b37a57,#25100b,#5f392e,#e6c392,#8f9bb0,#e89d65,#954622,#a63220,brown,IMAGECOLORPICKER.com,"May 23, 1861",Post-Impressionism,(Unknown),
https://www.wikiart.org/en/jozsef-rippl-ronai/uncle-piacsek-in-front-of-the-black-sideboard-1906,Uncle_Piacsek.jpg,Uncle Piacsek in front of the Black Sideboard,Jozsef Rippl-Ronai,,1906,"Kaposvár, Hungary",#7a5950,#eecb82,#b8b8d5,#5a3732,#28252a,#8a88a9,#bb7f60,#c4b7a1,"yellow, blue",IMAGECOLORPICKER.com,"May 23, 1861",Post-Impressionism,(Unknown),
https://www.wikiart.org/en/jozsef-rippl-ronai/manor-house-at-k-rtv-lyes-1907,Manor_House.jpg,Manor-House at Körtvélyes,Jozsef Rippl-Ronai,,1907,"Kaposvár, Hungary",#66623f,#dbd1af,#849cb3,#ce9658,#97a15a,#a96b40,#394732,#969a85,green,IMAGECOLORPICKER.com,"May 23, 1861",Post-Impressionism,(Unknown),
https://www.wikiart.org/en/jozsef-rippl-ronai/parisian-interior-1910,Parisian_Interior.jpg,Parisian Interior,Jozsef Rippl-Ronai,,1910,"Kaposvár, Hungary",#77342c,#2e4a4c,#bcb5b1,#a88d69,#cfb283,#d38c47,#b84333,#84664d,"red, yellow",IMAGECOLORPICKER.com,"May 23, 1861",Post-Impressionism,(Unknown),
https://www.wikiart.org/en/jozsef-rippl-ronai/still-life-with-oranges,Still_Life_with_Oranges.jpg,Still Life with Oranges,Jozsef Rippl-Ronai,,(Unknown),"Kaposvár, Hungary",#364e3a,#cf4b37,#ccc7b2,#6f5445,#c69254,#7285b0,#96473c,#917270,red,IMAGECOLORPICKER.com,"May 23, 1861",Post-Impressionism,(Unknown),
https://www.wikiart.org/en/jozsef-rippl-ronai/girl-dressed-up-in-blue,Girl_Dressed_Up_in_Blue.jpg,Girl Dressed Up in Blue,Jozsef Rippl-Ronai,,(Unknown),"Kaposvár, Hungary",#7d6534,#83b1ba,#e29b57,#a4a891,#474c2f,#e4c697,#decfb8,#bf9a5d,"green, blue, orange",IMAGECOLORPICKER.com,"May 23, 1861",Post-Impressionism,(Unknown),
https://www.wikiart.org/en/jozsef-rippl-ronai/jeune-femme-de-paris,Jeune_Femme_de_Paris.jpg,Jeune Femme de Paris,Jozsef Rippl-Ronai,,(Unknown),"Kaposvár, Hungary",#4d463d,#c48e77,#896e5d,#878a9d,#222820,#696675,#727474,#9fa6ae,brown,IMAGECOLORPICKER.com,"May 23, 1861",Post-Impressionism,(Unknown),
,camille-pissarro-a-path-in-the-woods-pontoise.jpg,A Path In The Woods Pontoise,Camille Pissarro,camille-pissarro.png,1879,,#5e4132,#c9bcae,#a9b5c2,#221010,#9c8669,#8e99aa,#996c4a,#746d73,,IMAGECOLORPICKER.com,,,,
,camille-pissarro-apple-picking-at-eragny-sur-epte-1888.jpg,Apple Picking At Eragny Sur Epte,Camille Pissarro,,1888,,#d0a26a,#4a2714,#72391f,#f5dcb7,#7e5a3f,#97601c,#9f643f,#f5d79e,,IMAGECOLORPICKER.com,,,,
,camille-pissarro-big-walnut-tree-at-eragny.jpg,Big Walnut Tree At Eragny,Camille Pissarro,,1892,,#b7925f,#dec8c3,#3d4318,#ceafa7,#7f6c22,#703b22,#797043,#eccf9a,,IMAGECOLORPICKER.com,,,,
,camille-pissarro-boulevard-montmartre-night-effect.jpg,Boulevard Montmartre Night Effect,Camille Pissarro,,1897,,#42474b,#b5956b,#7c6753,#8a826e,#191923,#686f7d,#9caca9,#94a1ae,,IMAGECOLORPICKER.com,,,,
,camille-pissarro-boulevard-montmartre-spring.jpg,Boulevard Montmartre Spring,Camille Pissarro,,1897,,#9d7838,#e8deb5,#3b24b,#5d35f,#d8ad5f,#654b1f,#dac88c,#baa378,,IMAGECOLORPICKER.com,,,,
,camille-pissarro-lhermitage-at-pontoise.jpg,Lhermitage At Pontoise,Camille Pissarro,,1867,,#ceccac,#5751d,#a4cfed,#9e7e27,#19155,#79882e,#91a39b,#707153,,IMAGECOLORPICKER.com,,,,
,camille-pissarro-peasants-houses-eragny-1887.jpg,Peasants Houses Eragny,Camille Pissarro,,1887,,#9dab80,#34603d,#d2ddd7,#658a33,#ddd3aa,#5a815e,#565659,#bdde8a,,IMAGECOLORPICKER.com,,,,
,camille-pissarro-pontoise-the-road-to-gisors-in-winter.jpg,Pontoise The Road To Gisors In Winter,Camille Pissarro,,1887,,#988257,#352915,#ebece9,#c3b697,#5a3e1b,#e1d0a1,#d7b97a,#725520,,IMAGECOLORPICKER.com,,,,
,camille-pissarro-sunset-at-st-charles-eragny-1891.jpg,Sunset At St Charles Eragny,Camille Pissarro,,1891,,#8a792f,#3925d,#f0e7ce,#eddb97,#63371a,#bea592,#d5ad46,#b0aa42,,IMAGECOLORPICKER.com,,,,
,camille-pissarro-the-artists-garden-at-eragny-1898.jpg,The Artists Garden At Eragny,Camille Pissarro,,1898,,#dee5dc,#798034,#354dd,#b39a51,#aeb085,#d2c685,#533fd,#b8d17e,,IMAGECOLORPICKER.com,,,,
https://g.co/arts/Fbpakfn3boWvXzMk9,edvard-munch-anxiety.jpg,Anxiety,Edvard Munch,edvard-munch.png,1894,,#c18d5b,#243039,#835e50,#b1292c,#94a282,#4e5671,#546a68,#8a8a9d,,IMAGECOLORPICKER.com,"December 12, 1863",Expressionism,,
https://g.co/arts/toxDTzZvNVzzQvXW8,edvard-munch-ashes.jpg,Ashes,Edvard Munch,,1925,,#d7b492,#352d2e,#885342,#8eaa98,#506f60,#bb4936,#5a5468,#8c8f9d,,IMAGECOLORPICKER.com,"December 12, 1863",Expressionism,,
https://g.co/arts/LoHiWzPdBhCzg3Rr7,edvard-munch-death-in-the-sickroom.jpg,Death In The Sickroom,Edvard Munch,,1893,,#ad6947,#303531,#88573f,#357a63,#8f9e88,#c6bca6,#405c5e,#84918d,,IMAGECOLORPICKER.com,"December 12, 1863",Expressionism,,
https://www.edvardmunch.org/jealousy.jsp,edvard-munch-jealousy.jpg,Jealousy,Edvard Munch,,1895,,#473728,#c8815b,#995d40,#74674d,#1914d,#716b94,#a5957c,#b73b27,,IMAGECOLORPICKER.com,"December 12, 1863",Expressionism,,
https://www.edvardmunch.org/night-in-saint-cloud.jsp,edvard-munch-night-in-saint-cloud.jpg,Night In Saint Cloud,Edvard Munch,,1890,,#3c3e3a,#6a837e,#6f6053,#99a89e,#131213,#596a6c,#859b9c,#9f927b,,IMAGECOLORPICKER.com,"December 12, 1863",Expressionism,,
https://www.edvardmunch.org/puberty.jsp,edvard-munch-puberty.jpg,Puberty,Edvard Munch,,1894,,#cfb77d,#32211b,#846a3c,#999f5d,#676235,#5e4d57,#af5122,#94888d,,IMAGECOLORPICKER.com,"December 12, 1863",Expressionism,,
https://g.co/arts/nBxKU16GzJmMqA7j8,edvard-munch-self-portrait-in-hell.jpg,Self Portrait In Hell,Edvard Munch,,1903,,#312b25,#834e29,#b08737,#5f3a24,#907e3b,#64572d,#5d6a5c,#9c444,,IMAGECOLORPICKER.com,"December 12, 1863",Expressionism,,
https://g.co/arts/oFQCTBAE2RTmwsKj9,edvard-munch-separation.jpg,Separation,Edvard Munch,,1896,,#78695d,#2b2a2a,#e2c58b,#d3ae73,#b6986f,#7a4327,#5e2a1e,#b6ada5,,IMAGECOLORPICKER.com,"December 12, 1863",Expressionism,,
https://g.co/arts/zuQg8VXgtoxkUNqaA,edvard-munch-shore-with-red-house.jpg,Shore With Red House,Edvard Munch,,1904,,#928a83,#29363a,#d8b49c,#61362e,#765835,#51616c,#8eabbe,#bbc6b7,,IMAGECOLORPICKER.com,"December 12, 1863",Expressionism,,
https://g.co/arts/ctFBScYcqWHZkei4A,edvard-munch-the-dance-of-life.jpg,The Dance Of Life,Edvard Munch,,1925,,#39453d,#ebdabb,#d44d26,#965f55,#625883,#99b696,#608661,#9a7ca7,,IMAGECOLORPICKER.com,"December 12, 1863",Expressionism,,
https://www.edvardmunch.org/the-kiss.jsp,edvard-munch-the-kiss.jpg,The Kiss,Edvard Munch,,1897,,#b8acab,#e1012,#65514e,#797d94,#7f97b1,#984329,#424d53,#3d4058,,IMAGECOLORPICKER.com,"December 12, 1863",Expressionism,,
https://www.edvardmunch.org/the-scream.jsp,edvard-munch-the-scream.jpg,The Scream,Edvard Munch,,1893,,#d77945,#352b23,#a36d4a,#72523c,#b59e7b,#7e6f5b,#6d6c83,#c53422,,IMAGECOLORPICKER.com,"December 12, 1863",Expressionism,,
https://www.edvardmunch.org/the-sick-child.jsp,edvard-munch-the-sick-child.jpg,The Sick Child,Edvard Munch,,1885,,#2b332f,#c5c0ac,#767362,#919e94,#586e5f,#a45434,#565e66,#88929d,,IMAGECOLORPICKER.com,"December 12, 1863",Expressionism,,
https://g.co/arts/tZFGBnWw7rUHbFNE7,edvard-munch-the-voice.jpg,The Voice,Edvard Munch,,1896,,#d0c1a2,#273a3f,#1e90b7,#66888c,#70b4c5,#2d6c84,#755745,#45646c,,IMAGECOLORPICKER.com,"December 12, 1863",Expressionism,,
https://g.co/arts/oBDA3FJQ14ZARxmE8,edvard-munch-train-smoke.jpg,Train Smoke,Edvard Munch,,1900,,#364746,#b39c8f,#938686,#6a7687,#b7bbad,#929ea6,#182232,#6f805c,,IMAGECOLORPICKER.com,"December 12, 1863",Expressionism,,
https://g.co/arts/DFVSUMBWGD4Zkr41A,edvard-munch-vampire.jpg,Vampir,Edvard Munch,,1895,,#2e2a37,#c18b77,#7e483c,#5a3f3d,#46465e,#97897f,#5f5c5d,#80727d,,IMAGECOLORPICKER.com,"December 12, 1863",Expressionism,,
https://www.vangoghgallery.com/painting/starry-night.html,the_starry_night.jpg,The Starry Night,Vincent Van Gogh,vincent-van-gogh.png,1889,,#4a6289,#b5b892,#1d211f,#97afab,#1a2555,#7590c1,#879691,#3b4548,,IMAGECOLORPICKER.com,,Post-Impressionism,,
https://www.vangoghmuseum.nl/en/collection/s0031V1962,sunflowers.jpg,Sunflowers,Vincent Van Gogh,,1889,,#bda42e,#495a20,#dfd55a,#796a19,#946710,#79460e,#bda86a,#9da59e,,IMAGECOLORPICKER.com,,Post-Impressionism,,
https://www.vangoghmuseum.nl/en/collection/s0176V1962,almond-blossom.jpg,Almond Blossom,Vincent Van Gogh,,1890,,#598e8d,#c1bfa5,#404c3a,#9ba187,#215859,#2a434d,#a8ccbb,#92c1cd,,IMAGECOLORPICKER.com,,,,
https://en.wikipedia.org/wiki/Wheatfield_with_Crows,Wheatfield_with_Crows.jpg,Wheatfield with Crows,Vincent Van Gogh,,1890,,#d4b753,#424241,#6387b8,#a1833b,#395f91,#a5b9b4,#788a80,#bc643c,,IMAGECOLORPICKER.com,,,,
https://en.wikipedia.org/wiki/The_Potato_Eaters,the-potato-eaters.jpg,The Potato Eaters,Vincent Van Gogh,,1885,,#181d14,#a79d62,#6d683a,#434429,#525c3d,#8b9470,#4b5255,#848a8d,,IMAGECOLORPICKER.com,,,,
https://en.wikipedia.org/wiki/Self-Portrait_with_Bandaged_Ear,Self-portrait_with_bandaged_ear.jpg,Self Portrait with Bandaged Ear,Vincent Van Gogh,,1889,,#396d6b,#c7d3aa,#9bc5b6,#949075,#20252d,#71a3bd,#bd4c4c,#343f28,,IMAGECOLORPICKER.com,,,,
https://en.wikipedia.org/wiki/Irises_%28painting%29,irises.jpg,Irises,Vincent Van Gogh,,1890,,#d2cfc8,#3b5666,#74988d,#9f9982,#605954,#73724d,#979397,#52ad7c,,IMAGECOLORPICKER.com,,,,
https://en.wikipedia.org/wiki/Caf%C3%A9_Terrace_at_Night,Cafe_Terrace_at_Night.jpg,Cafe Terrace at Night,Vincent Van Gogh,,1888,,#2d3433,#8c7533,#4869a1,#b59f4c,#3d567e,#685c32,#6b7e82,#9cae85,,IMAGECOLORPICKER.com,,,,
https://www.metmuseum.org/art/collection/search/436535,Wheat-Field-with-Cypresses.jpg,Wheat Field with Cypresses,Vincent Van Gogh,,1889,,#939f9e,#877924,#223528,#d5d3be,#546d73,#573e13,#b5c1d6,#bfd6ca,,IMAGECOLORPICKER.com,,,,
https://en.wikipedia.org/wiki/Van_Gogh_self-portrait_%281889%29,Self-Portrait.jpg,Self Portrait,Vincent Van Gogh,,1889,,#8ba393,#736634,#2e403d,#d6d8b2,#4f4521,#b5d2cf,#536c6e,#b7d5c1,,IMAGECOLORPICKER.com,,,,
https://en.wikipedia.org/wiki/A_Sunday_Afternoon_on_the_Island_of_La_Grande_Jatte,A_Sunday_on_La_Grande_Jatte.jpg,A Sunday on La Grande Jatte,Georges Seurat,Georges_Seurat.jpg,1886,,#36463c,#cfc59f,#9e8e6f,#abbaaa,#768c6e,#70625b,#6d6b85,#bf5767,,IMAGECOLORPICKER.com,,,,
https://en.wikipedia.org/wiki/Georges_Seurat,Baigneurs_at_Asnieres.jpg,Baigneurs at Asnieres,Georges Seurat,,1884,,#c8d5c5,#bac3d6,#543c3e,#686948,#5c6b75,#e3dacd,#27212a,#979c9a,,IMAGECOLORPICKER.com,,,,
https://en.wikipedia.org/wiki/Georges_Seurat,Circus_Sideshow.jpg,Circus Sideshow,Georges Seurat,,1888,,#574d53,#c0a08d,#947972,#151318,#2e232b,#a89d8e,#998d95,#3a2e22,,IMAGECOLORPICKER.com,,,,
https://en.wikipedia.org/wiki/Georges_Seurat,The-Seine-and-la-Grande-Jatte.jpg,The Seine at La Grande Jatte,Georges Seurat,,1888,,#c4d0d1,#dee0af,#574d56,#e2c286,#b4bbb4,#5d686b,#827135,#a49b76,,IMAGECOLORPICKER.com,,,,
https://en.wikipedia.org/wiki/Georges_Seurat,The-Can-Can.jpg,The Can-Can,Georges Seurat,,1889,,#1f4056,#a68a78,#596666,#cccbd4,#64302d,#e7a88b,#9d5d26,#e1d2ae,,IMAGECOLORPICKER.com,,,,
https://en.wikipedia.org/wiki/Georges_Seurat,Les-Terrassiers.jpg,Les Terrassiers,Georges Seurat,,1883,,#917957,#a9bed0,#3d545f,#a2aaaa,#e1d1a8,#633f31,#dbb883,#8b6524,,IMAGECOLORPICKER.com,,,,
https://en.wikipedia.org/wiki/Georges_Seurat,Landscape-at-Saint-Ouen.jpg,Landscape at Saint Ouen,Georges Seurat,,1879,,#aab28b,#262e2b,#efefd2,#687f69,#e5dfb8,#5a4f38,#857e5b,#776737,,IMAGECOLORPICKER.com,,,,
https://en.wikipedia.org/wiki/Georges_Seurat,Vase-of-Flowers.jpg,Vase of Flowers,Georges Seurat,,1881,,#4c3d31,#d1b286,#957350,#a7a680,#757859,#191a1a,#301210,#b5523e,,IMAGECOLORPICKER.com,,,,
https://www.wikiart.org/en/georges-seurat/rue-st-vincent-in-spring-1884,rue-st-vincent-in-spring-1884.jpg!Large.jpg,Rue St. Vincent in Spring,Georges Seurat,,1883-1884,France,#dabb83,#8f4f2d,#712432,#5b2922,#cec7ad,#c29e3e,#4f4c5,#b4ac4,,IMAGECOLORPICKER.com,,,,
https://www.wikiart.org/en/georges-seurat/men-laying-stakes-1883,men-laying-stakes-1883.jpg!Large.jpg,Men Laying Stakes,Georges Seurat,,1882-1883,France,#cf7f48,#aa9420,#1c2718,#d23a1e,#7181a2,#626068,#daa24f,#1e1619,,IMAGECOLORPICKER.com,,,,
https://www.sothebys.com/en/articles/georgette-chens-singapore-a-true-paradise-for-the-artist,georgette-chen-self-portrait.jpeg,Self Portrait,Georgette Chen,georgette-chen.jpg,1934,,#393426,#bbad91,#6c4b33,#ebe1cd,#a8ba89,#8a6240,#9e7554,#e6c7a4,,IMAGECOLORPICKER.com,,,,
https://ocula.com/magazine/features/georgette-chen-pioneer-of-the-nanyang-style/,georgette-chen-still-life-with-cut-apple-and-orange.jpg,Still Life with Cut Apple and Orange,Georgette Chen,,1928-1930,,#51433c,#be9871,#9f989c,#92613e,#746d6f,#aba497,#222433,#441b1a,,IMAGECOLORPICKER.com,,,,
https://ocula.com/magazine/features/georgette-chen-pioneer-of-the-nanyang-style/,georgettechen-art-5_1.jpg,Coast of Brittany,Georgette Chen,,1930,,#afb3a7,#282415,#623f18,#8f6b2c,#af9364,#8c745b,#697c75,#3a9888,,IMAGECOLORPICKER.com,,,,
https://www.nationalgallery.sg/georgettechen,Reports_2020_Georgette Chen_Malay-Wedding-1_720_0.jpg,Malay Wedding,Georgette Chen,,1962,,#9a9450,#98bcc2,#43513e,#75a689,#8b352d,#ccc6b5,#5d644c,#b2b58b,,IMAGECOLORPICKER.com,,,,
https://www.pinterest.com/pin/530580399849921507/,georgette-chen-still-life-moon-festival.jpg,Still Life (Moon Festival Table),Georgette Chen,,1962,,#b29f81,#903028,#906426,#a85e53,#424e35,#71721e,#a67c4a,#dfa18e,,IMAGECOLORPICKER.com,,,,
https://www.nationalgallery.sg/georgettechen,georgettechen-art-7_0b.jpg,Vegetables and Claypot,Georgette Chen,,1940-1947,,#af8c69,#354d5d,#992e29,#a2aaa8,#665f56,#a44939,#bc5d1b,#cdbd94,,IMAGECOLORPICKER.com,,,,
https://ocula.com/magazine/features/georgette-chen-pioneer-of-the-nanyang-style/,georgettechen-art-4_1.jpg,East Coast Vendor,Georgette Chen,,1960,,#c8976e,#334d88,#c0281a,#92a383,#397085,#c2aa92,#bc5d1b,#c6a97d,,IMAGECOLORPICKER.com,,,,
https://ocula.com/magazine/features/georgette-chen-pioneer-of-the-nanyang-style/,georgettechen-art-new3.jpg,Lotus Symphony,Georgette Chen,,1962,,#355f5b,#95a398,#cacabf,#587f77,#604b3f,#6b6249,#7f6e60,#bbccc,,IMAGECOLORPICKER.com,,,,
https://www.sothebys.com/en/articles/georgette-chens-singapore-a-true-paradise-for-the-artist,georgette-chen-boats-and-shophouses.jpg,Boats and Shophouses,Georgette Chen,,1963-1965,,#3a4031,#b8b29f,#882e20,#2d6b5a,#826933,#9d8557,#8d957f,#bcc5c4,,IMAGECOLORPICKER.com,,,,
https://www.invaluable.com/auction-lot/georgette-chen-69-c-weyacfp4qi#,georgette-chen-seafood.jpg,Unknown,Georgette Chen,,(Unknown),,#f4edd8,#76443a,#d7b88c,#e3ca52,#385057,#b6bfae,#686a5f,#69797d,,IMAGECOLORPICKER.com,,,,
https://www.wikiart.org/en/suzanne-valadon/still-life,still-life.jpg,Still life,Suzanna Valadon,Suzanne Valadon.jpg,(Unknown),,#65472b,#192018,#91aeb4,#f6988e,#d4b71e,#64833d,#4e6972,#db890,,IMAGECOLORPICKER.com,,,,
https://www.wikiart.org/en/suzanne-valadon/genevi%C3%A8ve-camax-zoegger-1936,geneviève-camax-zoegger-1936.jpg!Large.jpg,Geneviève Camax-Zoegger,Suzanna Valadon,,1936,"Paris, France",#2d4945,#c48b6a,#5e7161,#8b3932,#4f916a,#d1bc91,#c59242,#94502b,,IMAGECOLORPICKER.com,,,,
https://www.wikiart.org/en/suzanne-valadon/self-portrait-1927,self-portrait-1927.jpg!Large.jpg,Self-Portrait,Suzanna Valadon,,1927,"Paris, France",#d9a58f,#4e1d19,#6d1220,#656484,#303460,#836e3e,#caa26d,#865920,,IMAGECOLORPICKER.com,,,,
https://www.wikiart.org/en/suzanne-valadon/the-blue-room-1923,the-blue-room-1923.jpg!Large.jpg,The Blue Room,Suzanna Valadon,,1923,"Paris, France",#4472ad,#2f397b,#8695c2,#abbcc0,#271e1d,#cbccad,#7ba191,#d0b3b6,,IMAGECOLORPICKER.com,,,,
https://www.wikiart.org/en/suzanne-valadon/nude-with-a-striped-blanket-1922,nude-with-a-striped-blanket-1922.jpg,Nude with a Striped Blanket,Suzanna Valadon,,1922,"Paris, France",#dabeaa,#d6dac9,#b11728,#e3ad76,#1c4376,#211813,#b59475,#539275,,IMAGECOLORPICKER.com,,,,
https://www.wikiart.org/en/suzanne-valadon/miss-lily-walton-1922,miss-lily-walton-1922.jpg!Large.jpg,Miss Lily Walton,Suzanna Valadon,,1922,"Paris, France",#dcbb7f,#351028,#90554e,#74594a,#6d2f3c,#a49d7e,#736568,#bc4d44,,IMAGECOLORPICKER.com,,,,
https://www.wikiart.org/en/suzanne-valadon/raminou-sitting-on-a-cloth-1920,raminou-sitting-on-a-cloth-1920.jpg!Large.jpg,Raminou sitting on a cloth,Suzanna Valadon,,1920,"Paris, France",#c5ab7c,#3d302f,#b17e44,#aeaa92,#8387a8,#646753,#6720f,#51507f,,IMAGECOLORPICKER.com,,,,
https://www.wikiart.org/en/suzanne-valadon/bouquet-and-a-cat-1919,bouquet-and-a-cat-1919.jpg!Large.jpg,Bouquet and a Cat,Suzanna Valadon,,1919,"Paris, France",#303128,#ab6132,#b18452,#a2b59e,#677d5c,#8897a1,#66533e,#c74d37,,IMAGECOLORPICKER.com,,,,
https://www.wikiart.org/en/suzanne-valadon/casting-the-net-1914,casting-the-net-1914.jpg!Large.jpg,Casting the Net,Suzanna Valadon,,1914,"Paris, France",#514e47,#af8661,#1d3d60,#8e755c,#6388a7,#51667a,#96957d,#433518,,IMAGECOLORPICKER.com,,,,
https://www.wikiart.org/en/suzanne-valadon/view-from-my-window-in-genets-brittany-1922,view-from-my-window-in-genets-brittany-1922.jpg!Large.jpg,View from My Window in Genets (Brittany),Suzanna Valadon,,1922,"Paris, France",#9a9657,#323825,#e0cc91,#dcd6b9,#b8b595,#554630,#596537,#c8cd96,,IMAGECOLORPICKER.com,,,,